{
  "size": 32,
  "atlas_size": [
    512,
    512
  ],
  "glyphs": {
    " ": {
      "uv": [
        0.00390625,
        0.00390625,
        0.021484375,
        0.00390625
      ],
      "advance": 13,
      "offset": [
        0,
        25
      ],
      "size": [
        9,
        0
      ]
    },
    "!": {
      "uv": [
        0.06640625,
        0.00390625,
        0.083984375,
        0.048828125
      ],
      "advance": 13,
      "offset": [
        0,
        2
      ],
      "size": [
        9,
        23
      ]
    },
    "\"": {
      "uv": [
        0.12890625,
        0.00390625,
        0.150390625,
        0.048828125
      ],
      "advance": 15,
      "offset": [
        0,
        2
      ],
      "size": [
        11,
        23
      ]
    },
    "#": {
      "uv": [
        0.19140625,
        0.00390625,
        0.2265625,
        0.048828125
      ],
      "advance": 22,
      "offset": [
        0,
        2
      ],
      "size": [
        18,
        23
      ]
    },
    "$": {
      "uv": [
        0.25390625,
        0.00390625,
        0.2890625,
        0.05859375
      ],
      "advance": 22,
      "offset": [
        0,
        1
      ],
      "size": [
        18,
        28
      ]
    },
    "%": {
      "uv": [
        0.31640625,
        0.00390625,
        0.37109375,
        0.05078125
      ],
      "advance": 32,
      "offset": [
        0,
        2
      ],
      "size": [
        28,
        24
      ]
    },
    "&": {
      "uv": [
        0.37890625,
        0.00390625,
        0.419921875,
        0.05078125
      ],
      "advance": 25,
      "offset": [
        0,
        2
      ],
      "size": [
        21,
        24
      ]
    },
    "'": {
      "uv": [
        0.44140625,
        0.00390625,
        0.453125,
        0.048828125
      ],
      "advance": 10,
      "offset": [
        0,
        2
      ],
      "size": [
        6,
        23
      ]
    },
    "(": {
      "uv": [
        0.50390625,
        0.00390625,
        0.525390625,
        0.060546875
      ],
      "advance": 15,
      "offset": [
        0,
        2
      ],
      "size": [
        11,
        29
      ]
    },
    ")": {
      "uv": [
        0.56640625,
        0.00390625,
        0.587890625,
        0.060546875
      ],
      "advance": 15,
      "offset": [
        0,
        2
      ],
      "size": [
        11,
        29
      ]
    },
    "*": {
      "uv": [
        0.62890625,
        0.00390625,
        0.65234375,
        0.048828125
      ],
      "advance": 16,
      "offset": [
        0,
        2
      ],
      "size": [
        12,
        23
      ]
    },
    "+": {
      "uv": [
        0.69140625,
        0.00390625,
        0.728515625,
        0.037109375
      ],
      "advance": 23,
      "offset": [
        0,
        8
      ],
      "size": [
        19,
        17
      ]
    },
    ",": {
      "uv": [
        0.75390625,
        0.00390625,
        0.771484375,
        0.01953125
      ],
      "advance": 13,
      "offset": [
        0,
        22
      ],
      "size": [
        9,
        8
      ]
    },
    "-": {
      "uv": [
        0.81640625,
        0.00390625,
        0.837890625,
        0.0234375
      ],
      "advance": 15,
      "offset": [
        0,
        15
      ],
      "size": [
        11,
        10
      ]
    },
    ".": {
      "uv": [
        0.87890625,
        0.00390625,
        0.896484375,
        0.009765625
      ],
      "advance": 13,
      "offset": [
        0,
        22
      ],
      "size": [
        9,
        3
      ]
    },
    "/": {
      "uv": [
        0.94140625,
        0.00390625,
        0.9609375,
        0.048828125
      ],
      "advance": 14,
      "offset": [
        0,
        2
      ],
      "size": [
        10,
        23
      ]
    },
    "0": {
      "uv": [
        0.00390625,
        0.06640625,
        0.0390625,
        0.111328125
      ],
      "advance": 22,
      "offset": [
        0,
        3
      ],
      "size": [
        18,
        23
      ]
    },
    "1": {
      "uv": [
        0.06640625,
        0.06640625,
        0.1015625,
        0.109375
      ],
      "advance": 22,
      "offset": [
        0,
        3
      ],
      "size": [
        18,
        22
      ]
    },
    "2": {
      "uv": [
        0.12890625,
        0.06640625,
        0.1640625,
        0.109375
      ],
      "advance": 22,
      "offset": [
        0,
        3
      ],
      "size": [
        18,
        22
      ]
    },
    "3": {
      "uv": [
        0.19140625,
        0.06640625,
        0.2265625,
        0.111328125
      ],
      "advance": 22,
      "offset": [
        0,
        3
      ],
      "size": [
        18,
        23
      ]
    },
    "4": {
      "uv": [
        0.25390625,
        0.06640625,
        0.2890625,
        0.109375
      ],
      "advance": 22,
      "offset": [
        0,
        3
      ],
      "size": [
        18,
        22
      ]
    },
    "5": {
      "uv": [
        0.31640625,
        0.06640625,
        0.3515625,
        0.111328125
      ],
      "advance": 22,
      "offset": [
        0,
        3
      ],
      "size": [
        18,
        23
      ]
    },
    "6": {
      "uv": [
        0.37890625,
        0.06640625,
        0.4140625,
        0.111328125
      ],
      "advance": 22,
      "offset": [
        0,
        3
      ],
      "size": [
        18,
        23
      ]
    },
    "7": {
      "uv": [
        0.44140625,
        0.06640625,
        0.4765625,
        0.109375
      ],
      "advance": 22,
      "offset": [
        0,
        3
      ],
      "size": [
        18,
        22
      ]
    },
    "8": {
      "uv": [
        0.50390625,
        0.06640625,
        0.5390625,
        0.111328125
      ],
      "advance": 22,
      "offset": [
        0,
        3
      ],
      "size": [
        18,
        23
      ]
    },
    "9": {
      "uv": [
        0.56640625,
        0.06640625,
        0.6015625,
        0.111328125
      ],
      "advance": 22,
      "offset": [
        0,
        3
      ],
      "size": [
        18,
        23
      ]
    },
    ":": {
      "uv": [
        0.62890625,
        0.06640625,
        0.646484375,
        0.099609375
      ],
      "advance": 13,
      "offset": [
        0,
        8
      ],
      "size": [
        9,
        17
      ]
    },
    ";": {
      "uv": [
        0.69140625,
        0.06640625,
        0.708984375,
        0.109375
      ],
      "advance": 13,
      "offset": [
        0,
        8
      ],
      "size": [
        9,
        22
      ]
    },
    "<": {
      "uv": [
        0.75390625,
        0.06640625,
        0.791015625,
        0.099609375
      ],
      "advance": 23,
      "offset": [
        0,
        8
      ],
      "size": [
        19,
        17
      ]
    },
    "=": {
      "uv": [
        0.81640625,
        0.06640625,
        0.853515625,
        0.08984375
      ],
      "advance": 23,
      "offset": [
        0,
        13
      ],
      "size": [
        19,
        12
      ]
    },
    ">": {
      "uv": [
        0.87890625,
        0.06640625,
        0.916015625,
        0.099609375
      ],
      "advance": 23,
      "offset": [
        0,
        8
      ],
      "size": [
        19,
        17
      ]
    },
    "?": {
      "uv": [
        0.94140625,
        0.06640625,
        0.9765625,
        0.111328125
      ],
      "advance": 22,
      "offset": [
        0,
        2
      ],
      "size": [
        18,
        23
      ]
    },
    "@": {
      "uv": [
        0.00390625,
        0.12890625,
        0.06640625,
        0.17578125
      ],
      "advance": 36,
      "offset": [
        0,
        2
      ],
      "size": [
        32,
        24
      ]
    },
    "A": {
      "uv": [
        0.06640625,
        0.12890625,
        0.107421875,
        0.173828125
      ],
      "advance": 25,
      "offset": [
        0,
        2
      ],
      "size": [
        21,
        23
      ]
    },
    "B": {
      "uv": [
        0.12890625,
        0.12890625,
        0.169921875,
        0.173828125
      ],
      "advance": 25,
      "offset": [
        0,
        2
      ],
      "size": [
        21,
        23
      ]
    },
    "C": {
      "uv": [
        0.19140625,
        0.12890625,
        0.236328125,
        0.17578125
      ],
      "advance": 27,
      "offset": [
        0,
        2
      ],
      "size": [
        23,
        24
      ]
    },
    "D": {
      "uv": [
        0.25390625,
        0.12890625,
        0.298828125,
        0.173828125
      ],
      "advance": 27,
      "offset": [
        0,
        2
      ],
      "size": [
        23,
        23
      ]
    },
    "E": {
      "uv": [
        0.31640625,
        0.12890625,
        0.357421875,
        0.173828125
      ],
      "advance": 25,
      "offset": [
        0,
        2
      ],
      "size": [
        21,
        23
      ]
    },
    "F": {
      "uv": [
        0.37890625,
        0.12890625,
        0.41796875,
        0.173828125
      ],
      "advance": 24,
      "offset": [
        0,
        2
      ],
      "size": [
        20,
        23
      ]
    },
    "G": {
      "uv": [
        0.44140625,
        0.12890625,
        0.490234375,
        0.17578125
      ],
      "advance": 29,
      "offset": [
        0,
        2
      ],
      "size": [
        25,
        24
      ]
    },
    "H": {
      "uv": [
        0.50390625,
        0.12890625,
        0.548828125,
        0.173828125
      ],
      "advance": 27,
      "offset": [
        0,
        2
      ],
      "size": [
        23,
        23
      ]
    },
    "I": {
      "uv": [
        0.56640625,
        0.12890625,
        0.583984375,
        0.173828125
      ],
      "advance": 13,
      "offset": [
        0,
        2
      ],
      "size": [
        9,
        23
      ]
    },
    "J": {
      "uv": [
        0.62890625,
        0.12890625,
        0.66015625,
        0.17578125
      ],
      "advance": 20,
      "offset": [
        0,
        2
      ],
      "size": [
        16,
        24
      ]
    },
    "K": {
      "uv": [
        0.69140625,
        0.12890625,
        0.734375,
        0.173828125
      ],
      "advance": 26,
      "offset": [
        0,
        2
      ],
      "size": [
        22,
        23
      ]
    },
    "L": {
      "uv": [
        0.75390625,
        0.12890625,
        0.7890625,
        0.173828125
      ],
      "advance": 22,
      "offset": [
        0,
        2
      ],
      "size": [
        18,
        23
      ]
    },
    "M": {
      "uv": [
        0.81640625,
        0.12890625,
        0.869140625,
        0.173828125
      ],
      "advance": 31,
      "offset": [
        0,
        2
      ],
      "size": [
        27,
        23
      ]
    },
    "N": {
      "uv": [
        0.87890625,
        0.12890625,
        0.923828125,
        0.173828125
      ],
      "advance": 27,
      "offset": [
        0,
        2
      ],
      "size": [
        23,
        23
      ]
    },
    "O": {
      "uv": [
        0.94140625,
        0.12890625,
        0.990234375,
        0.17578125
      ],
      "advance": 29,
      "offset": [
        0,
        2
      ],
      "size": [
        25,
        24
      ]
    },
    "P": {
      "uv": [
        0.00390625,
        0.19140625,
        0.044921875,
        0.236328125
      ],
      "advance": 25,
      "offset": [
        0,
        2
      ],
      "size": [
        21,
        23
      ]
    },
    "Q": {
      "uv": [
        0.06640625,
        0.19140625,
        0.115234375,
        0.2421875
      ],
      "advance": 29,
      "offset": [
        0,
        2
      ],
      "size": [
        25,
        26
      ]
    },
    "R": {
      "uv": [
        0.12890625,
        0.19140625,
        0.173828125,
        0.236328125
      ],
      "advance": 27,
      "offset": [
        0,
        2
      ],
      "size": [
        23,
        23
      ]
    },
    "S": {
      "uv": [
        0.19140625,
        0.19140625,
        0.232421875,
        0.23828125
      ],
      "advance": 25,
      "offset": [
        0,
        2
      ],
      "size": [
        21,
        24
      ]
    },
    "T": {
      "uv": [
        0.25390625,
        0.19140625,
        0.29296875,
        0.236328125
      ],
      "advance": 24,
      "offset": [
        0,
        2
      ],
      "size": [
        20,
        23
      ]
    },
    "U": {
      "uv": [
        0.31640625,
        0.19140625,
        0.361328125,
        0.23828125
      ],
      "advance": 27,
      "offset": [
        0,
        2
      ],
      "size": [
        23,
        24
      ]
    },
    "V": {
      "uv": [
        0.37890625,
        0.19140625,
        0.419921875,
        0.236328125
      ],
      "advance": 25,
      "offset": [
        0,
        2
      ],
      "size": [
        21,
        23
      ]
    },
    "W": {
      "uv": [
        0.44140625,
        0.19140625,
        0.5,
        0.236328125
      ],
      "advance": 34,
      "offset": [
        0,
        2
      ],
      "size": [
        30,
        23
      ]
    },
    "X": {
      "uv": [
        0.50390625,
        0.19140625,
        0.544921875,
        0.236328125
      ],
      "advance": 25,
      "offset": [
        0,
        2
      ],
      "size": [
        21,
        23
      ]
    },
    "Y": {
      "uv": [
        0.56640625,
        0.19140625,
        0.609375,
        0.236328125
      ],
      "advance": 26,
      "offset": [
        0,
        2
      ],
      "size": [
        22,
        23
      ]
    },
    "Z": {
      "uv": [
        0.62890625,
        0.19140625,
        0.66796875,
        0.236328125
      ],
      "advance": 24,
      "offset": [
        0,
        2
      ],
      "size": [
        20,
        23
      ]
    },
    "[": {
      "uv": [
        0.69140625,
        0.19140625,
        0.708984375,
        0.248046875
      ],
      "advance": 13,
      "offset": [
        0,
        2
      ],
      "size": [
        9,
        29
      ]
    },
    "\\": {
      "uv": [
        0.75390625,
        0.19140625,
        0.779296875,
        0.236328125
      ],
      "advance": 17,
      "offset": [
        -2,
        2
      ],
      "size": [
        13,
        23
      ]
    },
    "]": {
      "uv": [
        0.81640625,
        0.19140625,
        0.833984375,
        0.248046875
      ],
      "advance": 13,
      "offset": [
        0,
        2
      ],
      "size": [
        9,
        29
      ]
    },
    "^": {
      "uv": [
        0.87890625,
        0.19140625,
        0.91015625,
        0.236328125
      ],
      "advance": 20,
      "offset": [
        0,
        2
      ],
      "size": [
        16,
        23
      ]
    },
    "_": {
      "uv": [
        0.94140625,
        0.19140625,
        0.9765625,
        0.19921875
      ],
      "advance": 22,
      "offset": [
        0,
        25
      ],
      "size": [
        18,
        4
      ]
    },
    "`": {
      "uv": [
        0.00390625,
        0.25390625,
        0.025390625,
        0.298828125
      ],
      "advance": 15,
      "offset": [
        0,
        2
      ],
      "size": [
        11,
        23
      ]
    },
    "a": {
      "uv": [
        0.06640625,
        0.25390625,
        0.1015625,
        0.2890625
      ],
      "advance": 22,
      "offset": [
        0,
        8
      ],
      "size": [
        18,
        18
      ]
    },
    "b": {
      "uv": [
        0.12890625,
        0.25390625,
        0.1640625,
        0.30078125
      ],
      "advance": 22,
      "offset": [
        0,
        2
      ],
      "size": [
        18,
        24
      ]
    },
    "c": {
      "uv": [
        0.19140625,
        0.25390625,
        0.22265625,
        0.2890625
      ],
      "advance": 20,
      "offset": [
        0,
        8
      ],
      "size": [
        16,
        18
      ]
    },
    "d": {
      "uv": [
        0.25390625,
        0.25390625,
        0.2890625,
        0.30078125
      ],
      "advance": 22,
      "offset": [
        0,
        2
      ],
      "size": [
        18,
        24
      ]
    },
    "e": {
      "uv": [
        0.31640625,
        0.25390625,
        0.3515625,
        0.2890625
      ],
      "advance": 22,
      "offset": [
        0,
        8
      ],
      "size": [
        18,
        18
      ]
    },
    "f": {
      "uv": [
        0.37890625,
        0.25390625,
        0.396484375,
        0.298828125
      ],
      "advance": 13,
      "offset": [
        0,
        2
      ],
      "size": [
        9,
        23
      ]
    },
    "g": {
      "uv": [
        0.44140625,
        0.25390625,
        0.4765625,
        0.30078125
      ],
      "advance": 22,
      "offset": [
        0,
        8
      ],
      "size": [
        18,
        24
      ]
    },
    "h": {
      "uv": [
        0.50390625,
        0.25390625,
        0.5390625,
        0.298828125
      ],
      "advance": 22,
      "offset": [
        0,
        2
      ],
      "size": [
        18,
        23
      ]
    },
    "i": {
      "uv": [
        0.56640625,
        0.25390625,
        0.580078125,
        0.298828125
      ],
      "advance": 11,
      "offset": [
        0,
        2
      ],
      "size": [
        7,
        23
      ]
    },
    "j": {
      "uv": [
        0.62890625,
        0.25390625,
        0.64453125,
        0.3125
      ],
      "advance": 12,
      "offset": [
        -1,
        2
      ],
      "size": [
        8,
        30
      ]
    },
    "k": {
      "uv": [
        0.69140625,
        0.25390625,
        0.72265625,
        0.298828125
      ],
      "advance": 20,
      "offset": [
        0,
        2
      ],
      "size": [
        16,
        23
      ]
    },
    "l": {
      "uv": [
        0.75390625,
        0.25390625,
        0.767578125,
        0.298828125
      ],
      "advance": 11,
      "offset": [
        0,
        2
      ],
      "size": [
        7,
        23
      ]
    },
    "m": {
      "uv": [
        0.81640625,
        0.25390625,
        0.869140625,
        0.287109375
      ],
      "advance": 31,
      "offset": [
        0,
        8
      ],
      "size": [
        27,
        17
      ]
    },
    "n": {
      "uv": [
        0.87890625,
        0.25390625,
        0.9140625,
        0.287109375
      ],
      "advance": 22,
      "offset": [
        0,
        8
      ],
      "size": [
        18,
        17
      ]
    },
    "o": {
      "uv": [
        0.94140625,
        0.25390625,
        0.9765625,
        0.2890625
      ],
      "advance": 22,
      "offset": [
        0,
        8
      ],
      "size": [
        18,
        18
      ]
    },
    "p": {
      "uv": [
        0.00390625,
        0.31640625,
        0.0390625,
        0.36328125
      ],
      "advance": 22,
      "offset": [
        0,
        8
      ],
      "size": [
        18,
        24
      ]
    },
    "q": {
      "uv": [
        0.06640625,
        0.31640625,
        0.1015625,
        0.36328125
      ],
      "advance": 22,
      "offset": [
        0,
        8
      ],
      "size": [
        18,
        24
      ]
    },
    "r": {
      "uv": [
        0.12890625,
        0.31640625,
        0.150390625,
        0.349609375
      ],
      "advance": 15,
      "offset": [
        0,
        8
      ],
      "size": [
        11,
        17
      ]
    },
    "s": {
      "uv": [
        0.19140625,
        0.31640625,
        0.22265625,
        0.3515625
      ],
      "advance": 20,
      "offset": [
        0,
        8
      ],
      "size": [
        16,
        18
      ]
    },
    "t": {
      "uv": [
        0.25390625,
        0.31640625,
        0.271484375,
        0.359375
      ],
      "advance": 13,
      "offset": [
        0,
        3
      ],
      "size": [
        9,
        22
      ]
    },
    "u": {
      "uv": [
        0.31640625,
        0.31640625,
        0.3515625,
        0.3515625
      ],
      "advance": 22,
      "offset": [
        0,
        8
      ],
      "size": [
        18,
        18
      ]
    },
    "v": {
      "uv": [
        0.37890625,
        0.31640625,
        0.41015625,
        0.349609375
      ],
      "advance": 20,
      "offset": [
        0,
        8
      ],
      "size": [
        16,
        17
      ]
    },
    "w": {
      "uv": [
        0.44140625,
        0.31640625,
        0.486328125,
        0.349609375
      ],
      "advance": 27,
      "offset": [
        0,
        8
      ],
      "size": [
        23,
        17
      ]
    },
    "x": {
      "uv": [
        0.50390625,
        0.31640625,
        0.53515625,
        0.349609375
      ],
      "advance": 20,
      "offset": [
        0,
        8
      ],
      "size": [
        16,
        17
      ]
    },
    "y": {
      "uv": [
        0.56640625,
        0.31640625,
        0.59765625,
        0.36328125
      ],
      "advance": 20,
      "offset": [
        0,
        8
      ],
      "size": [
        16,
        24
      ]
    },
    "z": {
      "uv": [
        0.62890625,
        0.31640625,
        0.66015625,
        0.349609375
      ],
      "advance": 20,
      "offset": [
        0,
        8
      ],
      "size": [
        16,
        17
      ]
    },
    "{": {
      "uv": [
        0.69140625,
        0.31640625,
        0.71484375,
        0.373046875
      ],
      "advance": 16,
      "offset": [
        -1,
        2
      ],
      "size": [
        12,
        29
      ]
    },
    "|": {
      "uv": [
        0.75390625,
        0.31640625,
        0.76953125,
        0.361328125
      ],
      "advance": 12,
      "offset": [
        0,
        2
      ],
      "size": [
        8,
        23
      ]
    },
    "}": {
      "uv": [
        0.81640625,
        0.31640625,
        0.83984375,
        0.373046875
      ],
      "advance": 16,
      "offset": [
        0,
        2
      ],
      "size": [
        12,
        29
      ]
    },
    "~": {
      "uv": [
        0.87890625,
        0.31640625,
        0.916015625,
        0.337890625
      ],
      "advance": 23,
      "offset": [
        0,
        14
      ],
      "size": [
        19,
        11
      ]
    }
  }
}